0.00	X
0.10	B
0.41	C
0.48	A
0.56	E
0.70	B
0.77	C
0.84	B
1.61	C
1.68	B
1.82	C
1.89	B
2.45	X
3.79	B
3.84	C
3.89	B
3.96	F
4.03	D
4.24	B
4.38	G
4.45	E
4.59	A
4.67	B
4.88	C
4.95	A
5.04	E
5.13	B
5.73	F
5.80	A
5.87	C
6.02	B
6.09	C
6.16	B
6.30	A
6.38	C
6.45	B
6.52	A
6.65	B
6.69	D
6.73	A
6.81	B
7.16	H
7.30	C
7.51	B
7.94	F
8.20	B
8.55	C
8.69	B
8.76	A
8.84	C
8.89	B
9.08	X
9.63	B
9.76	C
9.83	B
9.90	C
10.18	B
10.32	C
10.39	B
10.46	C
10.60	A
10.68	E
10.86	C
10.93	B
11.00	E
11.28	C
11.35	B
11.63	G
11.70	C
11.77	B
11.84	E
12.05	B
12.19	C
12.26	B
12.47	H
12.54	C
12.61	B
12.68	G
12.75	B
12.89	X
13.32	C
13.69	B
13.79	F
13.86	C
13.93	A
14.01	H
14.19	C
14.26	B
14.61	C
14.75	A
14.83	F
14.94	B
15.01	C
15.15	B
15.22	A
15.30	F
15.48	G
15.55	B
15.97	E
16.18	B
16.25	A
16.33	D
16.48	C
16.52	B
16.78	D
16.85	A
16.93	B
17.19	C
17.33	B
17.47	X
18.26	C
18.64	B
18.71	F
18.85	C
19.27	B
19.47	A
19.55	B
19.87	C
20.01	B
20.22	C
20.36	B
20.43	C
20.57	B
20.85	C
20.92	E
21.13	F
21.20	B
21.27	C
21.41	E
21.76	B
21.90	E
21.97	B
22.18	D
22.39	C
22.53	G
22.67	C
22.74	B
23.17	G
23.22	E
23.33	C
23.49	B
23.61	X
23.87	B
24.03	X
24.16	B
24.23	F
24.36	E
24.78	B
24.99	X
25.26	B
25.54	C
25.79	B
26.00	F
26.07	B
26.28	A
26.36	C
26.44	F
26.51	E
26.65	H
26.72	B
27.07	C
27.14	B
27.28	A
27.36	B
27.57	C
27.64	B
27.92	C
28.06	B
28.34	X
28.72	A
28.84	C
29.02	B
29.09	C
29.16	B
29.23	C
29.30	B
29.72	C
29.79	B
30.00	A
30.08	C
30.29	B
30.43	E
30.50	F
30.57	G
30.64	E
30.78	C
31.07	F
31.11	C
31.22	B
31.50	C
31.78	B
31.85	C
31.99	E
32.06	B
32.20	E
32.34	B
32.48	A
32.59	B
32.67	G
32.74	B
33.16	X
35.29	B
35.36	E
35.50	C
35.57	B
35.64	F
35.71	B
35.78	C
35.85	B
35.92	C
36.06	B
36.48	C
36.55	B
36.90	C
37.04	B
37.23	C
37.32	G
37.39	B
37.67	E
37.74	B
38.28	C
38.32	B
38.36	C
38.50	G
38.57	B
38.78	A
38.86	C
39.05	B
39.33	C
39.40	G
39.47	C
39.61	B
40.13	F
40.31	E
40.52	F
40.59	B
40.66	C
41.08	X
41.47	B
41.53	C
41.59	E
41.66	B
41.80	F
41.94	B
42.08	E
42.43	F
42.50	A
42.58	X
44.35	B
44.70	X
44.83	B
44.88	C
44.92	G
44.99	E
45.13	B
45.32	C
45.44	B
45.93	E
46.07	B
46.21	X
47.05	B
47.16	F
47.23	B
47.44	E
47.51	F
47.58	A
47.68	C
47.80	B
48.15	D
48.29	C
48.36	A
48.48	E
48.53	B
49.05	A
49.17	C
49.24	B
49.66	C
49.73	G
49.80	C
49.87	B
50.01	C
50.22	X
50.83	B
50.88	C
50.92	B
51.13	G
51.27	C
51.34	B
51.48	C
51.69	G
51.76	B
51.83	C
51.90	B
52.32	A
52.40	B
52.46	C
52.52	E
52.73	B
52.80	X
53.49	B
53.65	E
53.86	B
53.93	C
54.00	B
54.14	G
54.21	B
54.28	C
54.35	E
54.49	F
54.77	B
54.84	G
54.98	C
55.05	B
55.19	A
55.27	B
55.35	C
55.42	H
55.56	G
55.70	B
56.26	C
56.40	B
56.54	X
57.97	B
58.08	G
58.15	C
58.22	E
58.29	B
58.50	C
58.57	F
58.78	B
58.92	H
58.99	D
59.13	B
59.62	C
59.69	G
59.83	C
59.90	E
59.97	B
60.11	G
60.32	B
61.02	C
61.09	B
61.30	F
61.37	E
61.44	B
61.51	E
61.65	X
62.65	C
62.80	B
63.01	H
63.08	C
63.22	B
63.36	X
64.05	B
64.12	C
64.25	B
64.53	E
64.74	F
64.95	A
65.09	B
65.19	C
65.33	B
65.54	X
66.03	B
66.41	C
66.62	A
66.70	C
66.77	B
66.84	C
66.91	G
67.05	F
67.19	X
67.80	F
68.00	B
68.14	A
68.22	B
68.43	C
68.50	B
68.78	C
68.92	B
69.06	C
69.13	B
69.41	E
69.62	B
69.76	X
70.79	C
70.96	B
71.31	C
71.38	B
71.73	C
71.87	B
72.15	X
72.32	B
72.40	F
72.68	B
72.82	C
72.96	H
73.03	B
73.10	C
73.31	H
73.38	C
73.45	B
73.94	G
74.01	B
74.15	E
74.22	C
74.36	B
74.71	X
75.66	B
75.85	G
75.99	B
76.48	A
76.56	C
76.88	B
77.39	A
77.51	B
77.64	C
77.78	F
78.13	B
78.27	E
78.34	A
78.43	C
78.48	B
78.52	X
79.66	B
79.75	F
79.89	D
80.03	B
80.31	C
80.66	B
81.04	G
81.09	C
81.21	B
81.49	C
81.63	G
81.77	B
81.98	X
82.35	B
82.51	C
82.58	B
82.79	A
82.91	B
82.95	C
82.99	B
83.27	X
84.96	B
85.25	A
85.33	B
85.43	G
85.50	E
85.57	B
85.78	G
85.92	B
86.27	X
86.43	B
86.51	F
86.58	C
86.65	B
86.86	F
86.93	B
87.07	C
87.14	D
87.28	B
87.56	C
87.77	B
88.19	E
88.33	C
88.40	B
88.93	F
88.97	C
89.01	B
89.15	F
89.22	B
89.36	C
89.50	B
89.78	C
90.06	B
90.27	A
90.35	D
90.51	B
90.65	C
90.72	B
90.86	A
90.96	C
91.15	B
91.22	G
91.29	C
91.43	B
91.64	E
91.78	B
91.92	A
92.00	F
92.06	B
92.32	A
92.40	B
92.56	E
92.77	B
92.98	C
93.26	B
93.33	X
93.89	C
94.21	B
94.28	C
94.35	B
94.63	A
94.71	E
94.86	F
95.00	B
95.07	A
95.15	B
95.20	C
95.24	B
95.31	C
95.45	B
95.52	A
95.60	B
95.67	G
95.74	E
95.88	B
96.09	C
96.51	B
96.72	D
96.91	C
96.96	B
97.28	C
97.42	B
97.49	A
97.58	C
97.72	B
98.35	F
98.42	B
98.84	A
98.92	C
99.01	B
99.08	E
99.29	B
99.53	C
100.12	B
100.26	C
100.40	E
100.47	C
100.75	B
101.31	A
101.39	D
101.52	B
101.80	D
102.01	C
102.09	X
102.88	C
102.94	B
103.06	C
103.20	A
103.28	B
103.79	F
103.86	E
103.93	B
104.07	F
104.14	B
104.21	C
104.28	G
104.35	B
104.56	G
104.63	B
104.91	D
105.05	B
105.12	X
106.20	B
106.28	A
106.36	E
106.44	B
106.58	C
106.65	A
106.73	B
106.96	C
107.10	B
107.17	A
107.25	C
107.35	B
107.42	C
107.49	H
107.56	D
107.70	B
108.26	C
108.33	B
108.47	C
108.54	A
108.68	B
108.72	G
108.76	B
108.83	A
108.91	D
109.05	B
109.12	E
109.40	B
109.52	C
109.66	B
109.73	C
109.80	B
110.50	C
110.57	H
110.64	C
110.71	B
110.78	F
110.85	B
110.99	C
111.13	B
111.34	A
111.42	B
111.57	C
111.64	A
111.72	B
112.00	C
112.42	H
112.56	C
112.84	B
113.20	A
113.28	C
113.35	B
113.56	E
113.77	F
113.91	B
114.05	C
114.47	G
114.54	C
114.61	B
114.89	C
114.96	A
115.03	C
115.22	A
115.30	B
115.82	E
116.03	F
116.45	X
116.57	B
116.84	A
116.96	C
117.02	F
117.42	B
117.49	C
117.77	F
117.84	C
117.91	A
118.00	C
118.08	B
118.15	H
118.22	D
118.36	B
118.43	G
118.57	X
119.45	D
119.61	B
119.75	F
119.89	B
119.96	H
120.34	B
120.44	A
120.52	H
120.67	B
121.23	C
121.50	B
122.19	C
122.33	B
122.54	C
122.61	E
122.68	C
122.89	B
123.32	A
123.41	C
123.47	B
123.73	C
124.08	X
124.73	B
125.05	C
125.51	B
125.79	H
125.93	B
126.14	A
126.22	E
126.32	B
126.60	X
126.78	B
126.98	C
127.12	B
127.26	C
127.40	B
127.61	F
127.89	B
128.03	C
128.38	X
128.74	C
128.81	B
128.87	C
129.01	G
129.08	E
129.15	F
129.57	B
129.75	C
129.94	G
130.01	E
130.08	B
130.22	E
130.43	B
130.64	A
130.79	X
131.42	B
131.70	F
131.91	C
131.98	D
132.05	B
132.57	C
132.70	E
132.84	C
132.91	F
132.98	B
133.05	C
133.26	B
133.33	A
133.41	B
133.64	E
133.78	C
133.97	B
134.15	A
134.23	C
134.33	B
134.54	C
134.61	B
135.14	C
135.29	B
135.64	F
135.85	C
135.92	D
135.99	B
136.06	C
136.41	B
136.48	C
136.62	B
136.83	C
136.90	B
137.04	F
137.25	E
137.39	H
137.46	B
137.67	X
137.88	B
138.01	C
138.54	E
138.61	F
138.85	C
138.92	B
139.13	C
139.20	A
139.28	B
139.44	F
139.65	C
139.72	D
139.86	B
140.07	E
140.21	F
140.28	C
140.35	B
140.49	C
140.56	H
140.63	B
140.70	A
140.78	C
140.98	B
141.40	G
141.47	B
141.61	E
141.75	C
141.82	B
141.96	C
142.17	B
142.31	X
142.82	B
142.98	D
143.12	B
143.54	E
143.75	B
143.82	F
144.03	B
144.17	C
144.38	B
144.52	C
144.73	B
144.94	A
145.02	E
145.10	B
145.24	C
145.31	B
145.56	C
145.88	D
145.95	B
146.16	C
146.30	B
146.58	X
146.70	B
147.01	G
147.08	B
147.22	A
147.30	B
147.69	E
147.90	F
148.11	X
148.24	B
148.37	F
148.58	B
149.14	C
149.35	D
149.56	B
149.63	C
149.84	B
150.19	C
150.33	E
150.40	C
150.54	B
150.96	A
151.04	C
151.11	B
151.31	C
151.66	X
152.37	C
152.44	B
152.85	A
152.93	C
153.14	E
153.28	X
153.67	F
153.76	B
153.97	C
154.11	E
154.18	F
154.25	E
154.32	B
154.46	E
154.67	B
155.02	C
155.09	H
155.16	B
155.23	A
155.31	C
155.41	B
155.55	A
155.64	C
155.71	B
155.91	C
156.19	A
156.27	C
156.48	B
156.62	A
156.70	D
156.98	B
157.12	C
157.54	B
157.61	C
157.68	B
158.10	E
158.31	F
158.38	C
158.52	B
158.59	F
158.80	B
159.01	D
159.22	B
159.36	F
159.50	B
160.06	A
160.31	C
160.52	B
160.66	C
160.73	B
160.80	G
160.87	E
161.08	B
161.15	D
161.29	B
161.36	A
161.47	C
161.54	B
162.58	C
162.86	E
163.07	F
163.21	B
163.42	A
163.59	C
163.66	B
163.73	E
164.15	B
164.29	X
164.77	A
164.89	D
165.16	B
165.23	C
165.51	A
165.59	C
166.08	B
166.51	A
166.60	E
166.67	B
167.01	X
167.17	B
167.54	C
167.67	E
167.81	A
167.93	D
168.16	B
168.23	C
168.51	X
169.06	B
169.23	H
169.37	A
169.44	B
169.54	C
169.61	B
170.12	C
170.22	E
170.36	F
170.43	A
170.52	E
170.70	B
170.98	X
171.72	B
172.22	C
172.29	D
172.36	B
172.64	C
172.78	F
172.92	B
173.41	A
173.50	B
173.63	C
173.84	B
174.12	C
174.33	B
174.40	E
174.61	X
175.79	C
175.92	B
176.62	C
176.90	B
177.11	X
177.83	B
177.91	A
177.98	H
178.08	C
178.15	B
178.29	A
178.37	E
178.44	B
178.57	C
178.64	B
178.78	C
179.15	A
179.26	B
179.51	E
179.58	B
179.86	C
180.07	G
180.14	E
180.21	B
180.42	F
180.70	B
180.84	C
181.19	B
181.33	G
181.47	C
181.82	G
181.89	B
182.03	F
182.10	B
182.17	C
182.52	E
182.59	F
182.87	A
182.95	B
183.10	C
183.17	B
183.73	C
183.80	B
184.46	C
184.84	A
184.92	C
185.08	E
185.12	F
185.31	B
185.38	C
185.45	B
185.52	G
185.59	E
185.73	F
185.80	A
185.88	D
186.07	C
186.12	B
186.30	A
186.38	B
186.54	X
186.72	B
186.96	C
187.03	G
187.10	E
187.17	A
187.25	B
187.31	F
187.50	B
187.64	G
187.78	X
188.03	B
188.39	C
188.57	E
188.85	F
189.06	X
189.37	B
189.83	E
190.11	F
190.32	X
190.52	B
190.68	E
190.96	B
191.03	C
191.10	B
191.88	A
192.00	E
192.07	B
192.49	C
192.63	B
192.91	C
192.98	B
193.12	F
193.26	B
193.40	C
193.61	D
193.77	B
193.91	A
194.09	C
194.23	B
195.00	C
195.21	B
195.63	C
195.77	E
195.84	C
196.05	B
196.54	A
196.64	D
196.79	C
196.83	B
197.04	D
197.32	C
197.46	X
198.21	B
198.28	C
198.41	B
198.48	C
198.62	B
198.83	A
198.91	E
198.97	B
199.10	A
199.18	C
199.29	B
199.43	D
199.57	B
199.64	A
199.72	B
199.86	F
200.07	B
200.21	A
200.29	F
200.35	B
200.61	G
200.68	B
201.17	C
201.24	B
201.66	C
201.87	A
201.95	B
202.34	A
202.42	C
202.48	B
202.53	C
202.60	B
202.67	C
202.88	E
203.09	G
203.16	B
203.30	C
203.44	B
203.58	X
204.19	B
204.39	X
204.88	B
204.98	A
205.06	E
205.16	B
205.30	C
205.37	B
205.63	F
205.75	B
206.61	A
206.73	E
206.81	B
206.88	C
207.09	B
207.44	F
207.51	B
207.65	C
207.79	B
208.00	A
208.08	B
208.21	F
208.35	C
208.42	B
208.84	F
208.91	C
208.98	B
209.05	G
209.12	B
209.82	C
209.89	A
209.99	H
210.05	C
210.17	B
210.38	C
210.52	B
211.01	A
211.09	E
211.14	F
211.19	B
211.33	A
211.42	F
211.49	G
211.56	B
211.84	A
211.95	B
211.99	C
212.10	B
212.17	X
213.12	B
213.45	X
213.59	B
213.64	C
213.69	B
214.04	F
214.11	B
214.39	C
214.46	A
214.54	B
214.60	E
214.80	B
215.36	C
215.50	A
215.77	B
215.94	C
216.08	B
216.22	A
216.30	C
216.46	B
216.60	F
216.88	B
217.30	C
217.44	G
217.58	E
217.65	B
217.72	C
217.86	B
217.93	G
218.00	B
218.28	A
218.37	F
218.56	B
218.70	C
218.84	B
219.33	A
219.41	B
219.45	C
219.63	B
220.05	X
220.26	B
220.47	X
220.61	B
220.86	F
221.00	B
221.07	C
221.14	D
221.21	B
221.49	H
221.56	C
221.63	B
221.84	X
222.98	E
223.23	B
223.65	F
223.86	C
223.93	B
224.35	C
224.42	B
224.56	A
224.64	D
224.74	C
224.81	B
224.88	E
225.09	C
225.30	B
225.58	F
225.79	C
225.86	E
225.93	A
226.01	E
226.23	A
226.31	C
226.51	B
226.72	X
226.88	B
227.07	C
227.42	B
227.49	E
227.56	F
227.98	B
228.75	C
228.82	A
228.93	H
229.05	C
229.12	B
229.33	F
229.47	B
229.54	D
229.68	B
230.10	A
230.18	B
230.36	A
230.44	B
231.05	C
231.19	B
231.33	C
231.47	E
231.54	C
231.75	B
232.24	A
232.32	C
232.39	B
232.60	C
232.81	X
233.19	B
233.69	F
233.88	D
233.95	B
234.65	H
234.79	B
235.00	A
235.08	E
235.22	B
235.36	C
235.85	B
235.99	A
236.07	B
236.19	G
236.26	C
236.40	B
236.54	F
237.10	X
237.38	B
237.65	F
238.00	C
238.07	A
238.24	B
238.73	C
239.01	F
239.08	C
239.15	B
239.22	C
239.36	H
239.43	D
239.57	B
239.64	G
239.71	C
239.78	G
239.85	A
239.93	E
240.13	B
240.34	C
240.41	B
240.55	C
240.62	B
240.83	X
241.14	B
241.51	C
241.72	B
242.07	A
242.15	H
242.25	C
242.32	B
242.46	C
242.53	B
243.06	D
243.32	B
243.46	C
243.81	A
243.99	B
244.33	D
244.40	H
244.61	B
244.89	X
245.26	B
245.33	C
245.39	X
246.21	C
246.27	F
246.53	C
246.60	B
246.95	A
247.03	E
247.20	B
247.55	F
247.69	E
247.76	B
247.83	A
247.91	E
248.04	B
248.18	G
248.25	B
248.46	F
248.53	C
248.60	B
248.67	C
248.88	B
249.05	C
249.13	E
249.20	F
249.27	B
249.55	C
249.62	B
249.69	C
249.76	H
249.83	B
249.90	C
250.18	E
250.32	F
250.39	B
250.60	E
250.74	B
251.02	A
251.10	E
251.20	B
251.34	F
251.48	B
251.62	C
251.69	B
251.83	A
251.94	B
251.99	C
252.11	B
252.32	C
252.74	B
252.81	E
252.88	F
252.95	B
253.16	C
253.44	B
253.51	C
253.58	H
253.65	X
254.03	B
254.34	C
254.48	B
254.69	C
254.76	B
255.04	C
255.18	B
255.81	E
255.95	F
256.02	B
256.30	X
257.27	B
257.93	E
258.21	C
258.38	B
258.72	C
258.93	B
259.07	D
259.28	C
259.36	X
259.75	F
259.82	B
259.88	C
259.95	F
260.09	C
260.23	E
260.37	G
260.44	B
260.65	E
260.79	B
261.14	C
261.35	B
261.56	X
262.26	B
262.69	A
262.77	C
262.82	B
262.93	E
263.14	C
263.21	G
263.28	B
263.56	A
263.64	H
263.79	B
264.00	C
264.07	B
264.28	C
264.35	B
264.63	A
264.71	E
264.83	B
264.97	A
265.06	B
265.13	C
265.19	B
265.67	C
265.96	E
266.03	F
266.27	A
266.35	B
266.49	C
266.63	B
266.84	A
266.92	B
267.58	C
267.65	B
267.72	C
267.79	B
267.86	C
268.21	B
268.28	A
268.36	C
268.50	A
268.58	E
268.72	A
268.80	B
268.92	A
269.00	B
269.04	F
269.22	B
269.50	G
269.57	E
269.64	F
269.71	B
270.06	C
270.27	B
270.41	C
270.69	X
270.84	B
270.90	C
271.03	H
271.10	E
271.17	A
271.27	B
271.39	A
271.49	B
271.85	F
271.99	B
272.34	H
272.41	C
272.48	B
272.62	C
272.83	G
272.90	B
273.04	C
273.11	F
273.39	B
273.46	C
273.67	B
273.88	X
274.73	B
274.86	C
274.93	B
275.21	D
275.40	C
275.45	B
275.82	F
275.88	B
276.00	C
276.14	B
276.56	C
276.63	B
276.70	E
276.77	F
276.84	B
276.91	C
276.98	B
277.12	F
277.19	B
277.26	A
277.34	C
277.40	B
277.80	C
277.87	B
278.01	F
278.22	B
278.29	A
278.37	B
278.43	C
278.55	H
278.62	G
278.69	X
278.81	B
279.14	C
279.21	B
279.27	F
279.34	C
279.41	H
279.48	E
279.52	F
279.62	B
279.83	F
280.04	A
280.12	D
280.21	E
280.42	F
280.49	X
281.00	B
281.45	G
281.54	E
281.61	B
281.68	C
282.03	B
282.10	C
282.24	B
282.45	D
282.66	B
282.73	A
282.81	F
282.89	B
282.96	E
283.10	F
283.24	B
283.31	C
283.45	B
283.86	F
283.93	B
284.14	C
284.21	B
284.42	F
284.63	B
285.05	E
285.26	B
285.40	X
286.14	C
286.87	B
287.15	C
287.29	B
287.57	D
287.64	H
287.78	B
287.85	C
287.92	D
288.06	B
288.13	F
288.27	A
288.35	F
288.49	B
288.70	E
288.91	C
288.98	B
289.05	C
289.12	F
289.31	E
289.36	C
289.54	B
289.68	C
289.75	B
289.89	C
290.10	B
290.17	X
290.70	B
290.86	E
291.00	F
291.14	B
291.21	F
291.28	C
291.35	F
291.49	B
291.63	A
291.75	B
291.82	C
291.89	B
292.17	X
292.64	C
292.72	F
292.91	E
292.96	C
293.28	B
293.56	C
293.84	B
294.22	C
294.94	B
295.08	E
295.22	B
295.57	C
295.71	B
295.78	A
295.86	B
296.05	C
296.19	B
296.61	F
296.68	B
296.89	C
297.10	B
297.17	A
297.25	E
297.30	F
297.34	B
297.76	C
297.83	B
298.11	X
298.48	C
298.73	B
298.94	C
299.01	B
299.36	A
299.44	B
299.79	A
299.87	C
300.04	B
300.11	C
300.39	B
300.81	D
300.95	B
301.37	E
301.58	F
301.72	A
301.80	B
301.92	F
302.06	C
302.13	B
302.48	H
302.55	D
302.62	B
302.76	G
302.83	B
302.97	E
303.11	B
303.18	E
303.32	X
304.05	C
304.24	F
304.38	A
304.46	B
304.54	A
304.62	B
304.98	C
305.12	B
305.47	A
305.55	B
305.67	C
305.74	H
305.81	B
305.95	E
306.02	B
306.16	A
306.24	B
306.66	F
306.94	B
307.01	C
307.08	E
307.22	X
308.94	C
309.24	B
309.52	F
309.63	B
309.98	A
310.07	C
310.13	H
310.18	B
310.25	D
310.46	B
310.60	A
310.77	B
310.82	D
310.87	B
310.94	A
311.02	C
311.09	B
311.15	A
311.23	B
311.40	G
311.47	E
311.54	B
311.75	A
312.15	C
312.42	B
312.84	F
313.05	A
313.13	B
313.29	C
313.36	B
313.50	C
313.57	H
313.64	D
313.99	C
314.06	X
314.19	B
314.57	F
314.64	B
314.99	F
315.20	B
315.34	A
315.44	B
315.50	C
315.63	B
315.98	G
316.05	C
316.12	B
316.19	A
316.27	B
316.60	C
316.67	B
316.88	C
317.09	B
317.37	C
317.44	A
317.52	E
317.64	F
317.78	B
317.85	C
317.92	B
318.20	G
318.27	B
318.41	A
318.49	B
318.55	C
318.60	G
318.67	B
318.74	C
318.88	E
319.16	B
319.30	X
319.67	B
319.90	A
319.98	C
320.08	B
320.36	X
322.47	C
322.61	B
322.68	C
322.75	B
322.82	C
323.17	E
323.38	B
323.52	F
323.66	B
323.80	C
324.01	B
324.15	A
324.23	B
324.31	A
324.39	C
324.50	B
324.71	C
324.85	B
325.13	C
325.34	H
325.41	B
325.83	G
325.97	C
326.11	B
326.32	X
326.89	C
327.15	B
327.22	C
327.57	B
327.71	E
327.99	F
328.06	B
328.55	C
328.76	B
329.11	C
329.18	B
329.25	C
329.39	B
329.46	C
329.67	X
330.52	B
330.64	X
330.86	B
330.90	C
331.01	B
331.15	A
331.27	E
331.34	B
331.48	A
331.56	B
331.66	G
331.80	E
331.87	C
332.15	B
332.29	X
332.57	B
332.82	E
332.96	B
333.03	C
333.10	B
333.24	G
333.38	C
333.45	B
333.59	C
333.66	D
333.73	B
334.01	E
334.22	F
334.43	B
334.78	E
334.92	B
335.04	C
335.38	A
335.48	C
335.54	B
336.09	E
336.44	X
337.09	B
337.15	G
337.20	F
337.27	A
337.35	B
337.52	D
337.66	B
338.08	A
338.51	C
338.78	B
338.85	A
338.99	B
339.11	C
339.18	B
339.32	F
339.46	B
339.74	C
339.88	A
340.03	B
340.08	C
340.20	B
340.34	F
340.41	B
340.62	G
340.69	C
340.76	B
341.04	F
341.25	E
341.46	F
341.53	D
341.74	C
341.81	F
341.88	B
341.95	C
342.02	B
342.16	E
342.37	B
342.44	F
342.51	A
342.59	C
342.91	H
343.05	C
343.19	B
343.26	C
343.40	B
343.54	X
344.12	B
344.40	X
344.59	B
344.69	C
344.83	B
344.90	C
345.25	F
345.32	B
345.39	C
345.46	B
345.53	F
345.67	B
345.88	G
345.95	B
346.09	C
346.30	B
346.37	C
346.44	B
346.51	F
346.65	C
346.79	B
347.00	A
347.08	B
347.16	A
347.24	B
347.43	C
347.50	X
348.15	A
348.27	C
348.36	B
348.43	E
348.57	A
348.67	B
349.03	F
349.10	B
349.38	E
349.52	B
349.80	C
349.87	B
350.36	A
350.44	E
350.55	B
350.62	C
350.69	B
350.83	X
351.23	C
351.30	A
351.37	D
351.56	C
351.63	F
351.70	B
352.19	C
352.33	B
352.75	F
352.89	E
353.03	B
353.10	H
353.17	C
353.24	B
353.38	C
353.52	B
353.59	G
353.66	D
353.87	E
353.94	F
354.15	X
355.61	C
355.69	G
355.83	C
356.11	X
356.67	C
357.01	B
357.22	E
357.29	B
357.43	C
357.57	H
357.64	F
357.71	E
357.85	B
357.99	E
358.13	F
358.20	B
358.34	C
358.41	B
358.83	F
358.97	B
359.04	A
359.15	B
359.22	C
359.28	B
359.42	E
359.56	F
359.70	C
359.91	B
360.19	C
360.26	B
360.33	C
360.54	F
360.68	A
360.76	C
360.88	E
361.09	H
361.23	C
361.30	B
361.37	G
361.51	C
361.72	B
361.79	C
362.07	B
362.14	X
362.28	B
362.65	C
362.70	B
362.89	A
362.97	C
363.04	B
363.11	G
363.18	B
363.46	C
363.53	B
363.60	E
363.74	B
364.30	H
364.37	C
364.44	B
364.58	X
365.16	C
365.69	B
366.04	E
366.18	C
366.25	A
366.38	B
366.93	C
367.00	A
367.08	B
367.34	E
367.48	G
367.55	B
368.11	C
368.32	B
368.88	G
368.95	B
369.09	E
369.23	B
369.51	X
369.87	B
369.96	C
370.10	A
370.18	C
370.34	B
370.76	G
370.83	C
370.90	B
371.04	A
371.12	B
371.18	F
371.51	E
371.58	F
371.65	A
371.73	B
371.96	C
372.00	A
372.08	X
373.51	B
374.10	F
374.17	C
374.24	B
374.31	A
374.39	E
374.50	B
374.78	E
374.99	B
375.20	C
375.27	B
375.55	F
375.62	E
375.83	F
375.97	C
376.11	B
376.18	E
376.32	G
376.39	B
376.53	C
376.67	B
376.81	X
377.00	B
377.36	C
377.43	H
377.50	C
377.57	F
377.78	B
377.85	A
377.94	C
378.15	G
378.29	B
378.36	C
378.50	G
378.57	C
378.71	B
378.92	C
378.99	E
379.20	F
379.34	B
379.41	C
379.48	E
379.55	B
379.62	C
379.97	B
380.11	C
380.53	H
380.60	C
380.67	E
380.74	A
380.83	B
380.95	F
381.02	C
381.23	F
381.30	E
381.37	B
381.58	X
382.21	C
382.32	G
382.39	B
382.46	F
382.60	B
382.88	F
383.09	B
383.23	C
383.30	B
383.37	A
383.45	B
383.61	E
383.68	A
383.76	B
383.90	A
383.98	C
384.16	B
384.63	F
384.77	A
384.85	B
385.02	A
385.11	C
385.18	B
385.24	F
385.38	C
385.45	B
385.52	G
385.59	B
386.08	C
386.15	F
386.68	E
386.75	C
387.00	E
387.04	F
387.18	C
387.32	G
387.39	C
387.53	B
387.67	A
387.76	C
387.83	B
388.04	C
388.18	B
388.25	C
388.32	A
388.40	C
388.69	A
388.77	C
388.95	F
389.09	B
389.16	H
389.37	X
389.69	B
389.95	A
390.03	C
390.09	B
390.14	D
390.21	B
390.35	E
390.56	F
390.84	E
391.19	C
391.33	G
391.40	B
391.54	A
391.62	C
391.67	B
391.72	C
391.93	B
392.00	X
392.73	B
393.15	F
393.22	C
393.36	B
393.43	C
393.57	B
393.64	C
393.78	B
394.13	C
394.27	F
394.41	B
394.48	H
394.55	C
394.76	A
394.84	C
395.07	B
395.42	A
395.57	B
395.76	F
395.99	B
396.06	C
396.20	B
396.27	F
396.41	B
396.55	C
396.62	A
396.70	B
396.95	F
397.16	B
397.30	A
397.39	C
397.58	B
397.72	X
397.88	B
398.21	A
398.29	C
398.55	B
398.83	X
398.99	B
399.23	C
399.30	B
399.72	C
400.07	B
400.21	G
400.28	B
400.56	C
400.63	F
400.84	C
400.91	B
400.98	C
401.12	B
401.19	A
401.27	F
401.46	E
401.51	C
401.76	B
401.83	C
402.11	B
402.39	C
402.46	B
403.03	F
403.21	C
403.35	H
403.42	C
403.56	G
403.63	E
403.70	B
403.84	E
404.12	C
404.26	X
406.47	B
406.57	G
406.64	F
406.78	B
406.85	A
406.93	B
407.24	G
407.31	A
407.40	C
407.47	B
407.54	E
407.75	F
407.96	B
408.16	C
408.34	B
408.62	A
408.70	E
408.78	B
408.99	C
409.27	B
409.41	F
409.55	C
409.62	A
409.70	C
409.84	B
409.91	E
410.33	B
410.68	C
410.82	B
411.10	C
411.52	X
411.68	B
411.76	C
411.83	B
411.90	F
411.97	C
412.25	A
412.33	C
412.38	B
412.42	A
412.50	B
412.54	F
412.79	B
413.21	C
413.28	B
413.48	G
413.53	C
413.64	B
413.78	X
415.00	F
415.14	C
415.21	B
415.35	C
415.54	B
415.61	A
415.69	F
415.96	B
416.24	F
416.31	C
416.38	B
416.45	E
416.66	C
417.01	X
417.14	B
417.31	A
417.39	C
417.53	B
418.16	C
418.37	B
418.49	C
418.56	B
418.63	C
418.84	B
418.91	C
419.12	B
419.61	X
419.76	B
420.06	A
420.14	E
420.21	B
420.34	C
420.41	B
420.55	C
421.25	D
421.32	B
421.67	H
421.81	C
421.95	B
422.09	X
422.24	B
422.53	A
422.62	C
422.72	B
422.79	C
422.86	G
422.93	C
423.07	B
423.35	X
424.46	B
424.50	A
424.58	B
424.67	A
424.75	C
424.88	B
424.95	A
425.03	C
425.10	B
425.24	C
425.38	F
425.57	E
425.62	C
425.80	B
425.87	F
425.94	B
426.50	C
426.57	B
426.78	X
427.15	A
427.30	B
427.37	C
427.44	A
427.58	B
427.66	D
427.73	A
427.81	C
427.89	F
428.35	B
428.90	C
429.18	B
429.39	F
429.46	C
429.53	H
429.60	G
429.67	A
429.75	C
429.95	B
430.51	C
430.62	B
430.69	F
430.76	B
431.04	E
431.25	C
431.32	B
431.95	C
432.16	B
432.48	F
432.61	A
432.69	C
432.80	B
432.87	A
432.95	C
432.99	B
433.17	C
433.24	B
433.31	G
433.38	F
433.59	C
433.66	B
433.73	C
434.08	B
434.22	X
434.69	B
434.93	F
435.35	B
435.42	C
435.91	F
436.05	A
436.13	B
436.23	F
436.37	B
436.44	C
436.63	E
436.68	F
436.86	B
437.00	A
437.13	B
437.19	D
437.27	C
437.31	A
437.39	C
437.45	B
437.65	X
437.77	B
437.82	C
437.87	B
438.01	C
438.08	B
438.43	C
438.71	D
438.92	B
439.06	F
439.48	B
439.70	C
439.93	B
440.14	A
440.22	E
440.34	B
440.62	C
440.95	E
441.00	F
441.18	A
441.26	C
441.33	B
441.53	H
441.67	D
441.81	B
441.95	D
442.09	C
442.16	A
442.24	C
442.30	B
442.43	E
442.50	F
442.64	X
444.22	C
444.29	A
444.35	D
444.55	C
444.60	B
444.92	C
444.99	B
445.27	H
445.34	C
445.41	G
445.48	B
445.69	A
445.80	F
445.94	C
446.01	G
446.15	C
446.22	B
446.36	X
446.94	C
447.00	B
447.27	A
447.35	B
447.68	X
448.85	B
449.02	X
449.36	B
449.44	A
449.52	E
449.62	B
449.76	A
449.84	B
450.20	C
450.41	G
450.48	B
450.55	G
450.62	B
450.69	A
450.77	B
450.97	C
451.18	B
451.32	A
451.41	C
451.48	E
451.55	B
451.90	E
452.18	B
452.48	C
452.53	B
452.57	A
452.66	B
453.04	D
453.23	C
453.28	B
453.53	E
453.67	B
453.88	C
454.24	B
454.31	H
454.45	C
454.59	B
454.73	D
454.87	B
454.94	F
455.01	C
455.36	B
455.85	C
455.99	A
456.07	B
456.27	E
456.34	C
456.41	B
456.55	C
456.62	B
456.69	C
456.83	B
457.04	E
457.18	C
457.53	A
457.67	B
458.10	D
458.24	B
458.38	C
458.52	B
458.59	E
458.73	C
459.02	F
459.09	B
459.44	G
459.51	H
459.58	C
459.65	B
459.79	D
459.93	B
460.14	G
460.21	C
460.28	B
460.35	C
460.42	E
460.56	F
460.77	X
462.03	F
462.09	C
462.14	B
462.56	E
462.77	F
462.84	A
462.92	B
463.08	F
463.22	C
463.29	B
463.36	G
463.43	B
463.78	C
463.85	B
464.41	A
464.49	F
464.56	B
464.69	E
464.83	B
464.97	C
465.04	A
465.12	B
465.79	A
465.87	E
465.99	G
466.06	B
466.27	E
466.48	B
466.55	X
466.85	B
467.22	A
467.30	B
467.84	X
468.09	B
468.30	C
468.44	B
468.51	G
468.58	B
468.72	E
468.86	B
469.07	E
469.35	C
469.49	B
469.77	C
470.12	F
470.26	C
470.33	A
470.41	B
470.69	E
470.83	A
470.93	B
471.09	E
471.23	B
471.51	X
471.67	B
471.81	X
471.93	B
472.17	G
472.24	C
472.38	A
472.46	B
472.56	C
472.63	A
472.71	B
472.88	C
473.02	B
473.30	C
473.37	A
473.45	B
473.71	C
473.78	H
473.85	C
473.92	A
474.00	B
474.08	C
474.22	B
474.29	C
474.36	A
474.44	B
474.58	G
474.65	H
474.79	C
474.86	B
475.00	A
475.09	X
475.82	B
476.05	X
476.25	B
476.40	F
476.54	C
476.61	B
476.68	G
476.82	X
477.16	B
477.38	F
477.45	C
477.52	B
477.59	E
477.73	B
478.01	C
478.29	B
478.71	C
478.85	B
478.99	G
479.06	B
479.34	G
479.41	B
480.04	X
480.54	B
480.69	X
481.12	F
481.22	B
481.29	D
481.36	E
481.71	F
481.78	G
481.85	E
481.92	B
482.06	E
482.20	B
482.55	C
482.62	B
483.04	C
483.11	F
483.32	B
483.53	E
483.81	C
484.09	B
484.31	C
484.45	A
484.67	F
484.89	C
485.03	H
485.10	D
485.20	C
485.24	A
485.31	B
485.43	A
485.51	C
485.64	B
485.78	H
485.85	C
485.92	G
485.99	B
486.20	C
486.27	B
486.62	A
486.73	B
486.79	C
486.85	B
486.92	C
487.13	B
487.65	D
488.00	B
488.14	G
488.21	F
488.28	B
488.49	D
488.56	E
488.84	F
488.91	X
489.68	B
489.74	C
489.79	H
489.93	C
490.07	B
490.42	X
490.56	B
490.64	A
490.72	H
490.81	C
490.88	B
491.02	C
491.23	A
491.32	B
491.50	C
491.92	B
491.99	C
492.20	G
492.27	A
492.35	C
492.63	B
492.91	F
493.19	B
493.47	G
493.68	X
494.76	B
494.95	C
495.02	B
495.16	H
495.23	C
495.30	B
495.51	F
495.58	B
495.72	A
495.80	C
496.03	B
496.10	A
496.18	B
496.32	F
496.39	B
496.74	A
496.82	B
496.90	C
496.97	B
497.32	X
497.87	C
498.20	B
498.41	G
498.48	E
498.62	B
498.69	E
498.90	B
499.46	G
499.53	B
499.74	A
499.82	B
500.03	E
500.17	F
500.45	B
500.59	E
500.87	B
501.15	C
501.22	B
501.78	X
502.06	B
502.30	F
502.55	B
502.83	G
502.90	B
502.97	C
503.18	B
503.47	A
503.55	B
503.73	C
504.01	B
504.22	X
504.72	B
505.06	F
505.10	C
505.21	B
505.28	C
505.35	E
505.49	B
505.84	C
505.91	G
505.98	B
506.40	C
506.54	H
506.61	C
506.68	B
506.75	C
506.89	B
507.03	C
507.10	E
507.38	A
507.46	B
507.54	C
507.80	E
507.85	F
508.03	B
508.10	A
508.18	C
508.25	B
508.53	A
508.61	E
508.67	F
508.73	B
509.15	C
509.22	B
509.43	A
509.51	C
509.70	E
509.84	B
510.17	C
510.43	B
510.64	F
510.78	C
510.85	G
510.99	C
511.06	B
511.34	A
511.42	E
511.49	F
511.56	A
511.64	B
511.82	G
511.89	B
512.03	C
512.10	B
512.38	D
512.45	B
512.59	A
512.67	B
512.96	E
513.24	G
513.31	C
513.45	B
513.59	C
513.66	B
513.80	E
514.22	C
514.43	B
514.64	X
514.83	B
515.10	X
515.22	B
515.75	C
515.82	E
516.10	B
516.73	A
516.81	C
516.87	B
517.06	C
517.27	E
517.34	B
517.76	C
517.83	E
517.97	B
518.04	F
518.11	B
518.25	C
518.32	E
518.60	F
518.81	B
518.95	C
519.23	B
519.42	C
519.48	B
519.61	G
519.75	D
519.89	B
519.96	E
520.10	C
520.37	D
520.44	B
520.51	A
520.59	B
520.81	C
520.88	A
520.97	B
521.02	F
521.20	B
521.76	A
521.84	C
521.94	H
522.01	B
522.08	C
522.15	G
522.22	C
522.36	B
522.50	E
522.64	C
522.76	B
523.12	A
523.21	B
523.54	C
523.75	B
524.10	F
524.17	B
524.38	C
524.45	B
524.80	X
525.32	B
525.41	E
525.55	B
525.62	C
525.76	B
525.90	X
526.18	B
526.23	C
526.35	F
526.49	E
526.63	B
526.77	X
527.15	B
527.32	X
527.49	B
527.55	C
527.60	B
527.88	A
527.96	B
528.20	A
528.28	E
528.35	F
528.42	B
528.49	C
528.56	G
528.77	B
529.12	A
529.20	C
529.34	B
529.41	C
529.55	B
529.62	A
529.70	D
529.91	B
530.05	A
530.13	B
530.25	X
531.79	D
531.89	C
532.03	G
532.10	D
532.17	E
532.31	B
532.45	A
532.53	E
532.62	B
532.90	A
532.98	E
533.08	B
533.22	A
533.30	H
533.45	C
533.52	B
533.66	A
533.74	B
533.83	C
533.90	H
533.97	B
534.04	A
534.12	F
534.21	B
534.42	C
534.49	G
534.63	C
534.70	B
534.91	C
534.98	E
535.12	B
535.19	E
535.33	X
535.97	B
536.25	X
536.72	C
536.82	B
536.89	G
536.96	E
537.10	B
537.24	G
537.31	E
537.52	B
537.87	F
538.01	A
538.09	C
538.31	B
538.52	C
538.66	B
539.01	X
539.71	B
540.00	X
540.20	B
540.28	A
540.36	C
540.44	A
540.60	B
540.66	C
540.72	B
540.79	C
540.93	F
541.14	B
541.28	G
541.35	B
541.42	C
541.70	B
541.93	C
542.07	B
542.14	G
542.21	B
542.35	A
542.44	B
542.54	H
542.61	D
542.75	H
542.82	A
542.90	F
543.14	A
543.22	F
543.63	X
544.12	B
544.52	A
544.61	B
544.67	C
544.73	B
544.80	E
544.87	C
544.94	A
545.02	E
545.20	F
545.27	B
545.41	C
545.55	B
545.69	C
545.76	B
545.97	A
546.05	E
546.13	B
546.34	X
547.02	B
547.19	G
547.33	B
547.68	A
547.80	B
547.85	A
547.93	B
548.16	A
548.24	C
548.30	B
548.84	C
548.98	B
549.22	C
549.44	A
549.52	E
549.68	B
549.89	D
550.08	C
550.13	B
550.45	G
550.59	E
550.66	C
550.73	B
551.01	C
551.15	B
551.22	C
551.29	G
551.36	B
551.43	C
551.57	A
551.87	C
552.02	B
552.09	F
552.16	C
552.23	D
552.30	B
552.44	G
552.51	C
552.72	B
553.23	C
553.85	B
554.27	E
554.41	B
554.48	F
554.69	B
554.83	F
554.97	C
555.04	B
555.11	G
555.18	E
555.46	B
555.60	F
555.67	C
555.74	F
556.02	E
556.09	A
556.17	C
556.32	B
556.39	C
556.46	A
556.54	C
556.62	B
556.76	D
557.04	B
557.18	C
557.32	B
557.46	C
557.81	B
557.95	C
558.16	B
558.23	E
558.58	B
558.72	C
558.86	B
559.14	C
559.35	B
559.42	A
559.51	C
559.58	B
559.92	E
560.13	B
560.20	F
560.27	C
560.41	H
560.48	C
560.55	E
560.62	B
560.69	A
560.77	X
561.74	C
561.80	B
561.86	H
562.00	C
562.21	B
562.42	X
563.03	B
563.42	A
563.50	C
563.70	B
563.91	X
564.19	B
564.38	F
564.45	B
564.52	A
564.60	H
564.73	C
564.80	B
564.87	F
565.01	B
565.08	A
565.16	D
565.31	C
565.35	B
565.54	X
566.17	B
566.86	X
567.04	B
567.12	A
567.20	F
567.33	B
567.47	A
567.55	C
567.72	B
567.86	E
568.14	F
568.21	B
568.49	F
568.56	E
568.77	B
568.98	X
569.40	B
569.46	C
569.51	F
569.58	B
569.65	C
569.86	A
569.94	F
570.04	A
570.12	B
570.46	F
570.60	C
570.67	G
570.81	B
571.16	C
571.30	F
571.58	B
571.65	C
571.72	B
572.00	G
572.07	B
572.14	A
572.22	C
572.50	B
572.92	A
573.02	B
573.17	X
573.49	B
573.68	X
573.83	B
573.90	F
574.10	B
574.17	D
574.24	B
574.45	C
574.52	B
574.80	C
574.87	B
575.15	A
575.25	C
575.34	B
575.41	F
575.62	B
575.69	C
575.76	B
575.83	A
575.91	E
576.16	C
576.23	B
576.37	C
576.44	A
576.54	B
576.84	D
576.98	H
577.05	E
577.09	F
577.19	E
577.47	F
577.61	C
577.68	B
577.75	C
577.96	B
578.03	F
578.10	B
578.31	A
578.39	X
579.64	F
579.79	E
579.83	C
580.23	E
580.30	C
580.44	G
580.51	E
580.65	C
580.86	B
580.94	A
581.02	B
581.08	C
581.28	A
581.36	C
581.65	B
581.72	C
581.79	B
581.93	G
582.00	B
582.14	A
582.21	F
582.39	C
582.53	B
582.67	A
582.75	B
582.82	C
582.89	H
582.96	G
583.03	B
583.10	A
583.18	B
583.74	D
583.81	A
583.97	B
584.02	C
584.07	B
584.28	X
584.44	B
585.06	C
585.13	B
585.27	C
585.34	A
585.42	B
585.51	C
585.58	G
585.65	D
585.72	E
585.86	F
585.93	B
586.07	E
586.28	A
586.38	B
586.51	X
586.79	B
587.10	A
587.23	C
587.31	B
587.66	F
587.73	C
587.80	B
587.87	G
588.01	B
588.71	X
589.18	D
589.36	B
589.43	E
589.50	A
589.58	C
589.77	B
589.84	C
589.91	F
590.05	B
590.19	G
590.26	C
590.40	G
590.47	C
590.54	B
590.82	F
590.89	B
591.03	F
591.31	X
591.84	B
592.15	D
592.28	E
592.42	A
592.51	C
592.61	B
592.82	C
592.96	A
593.05	B
593.22	X
593.62	B
593.78	A
593.92	B
594.08	F
594.15	B
594.22	G
594.36	E
594.43	B
594.57	F
594.99	B
595.34	C
595.48	B
596.17	C
596.59	B
596.66	C
596.80	B
597.08	E
597.15	B
597.71	C
597.92	B
597.99	C
598.13	B
598.44	C
598.59	G
598.66	A
598.74	C
598.93	E
598.98	F
599.16	B
599.23	D
599.51	B
599.65	X
601.00	C
601.10	G
601.17	B
601.31	C
601.38	B
601.45	A
601.53	E
601.73	C
601.80	B
601.87	X
602.90	B
602.97	F
603.11	B
603.18	C
603.32	B
603.56	C
603.65	G
603.72	B
604.28	C
604.35	B
604.49	C
604.56	B
604.91	G
605.05	C
605.19	A
605.27	B
605.38	X
606.16	C
606.20	A
606.28	E
606.41	F
606.62	B
606.97	E
607.11	B
607.37	E
607.61	C
607.68	B
607.82	D
607.96	B
608.10	C
608.24	A
608.32	E
608.50	B
608.78	X
609.04	B
609.16	A
609.24	H
609.38	C
609.45	B
609.66	F
609.73	B
609.94	A
610.06	B
610.12	D
610.18	A
610.26	C
610.32	F
610.52	A
610.60	B
610.75	C
610.82	B
611.17	X
612.06	B
612.30	X
612.57	B
612.67	C
612.74	H
612.81	C
612.88	B
613.16	X
613.46	B
613.90	A
613.98	B
614.10	C
614.17	H
614.24	B
614.31	C
614.45	A
614.53	C
614.62	B
614.69	C
614.76	G
614.83	C
614.90	E
614.97	B
615.04	C
615.18	X
615.67	F
615.75	C
615.82	B
616.03	C
616.24	A
616.32	B
616.58	C
616.65	B
617.00	X
617.13	B
617.44	F
617.49	B
617.60	E
617.74	B
618.02	D
618.16	E
618.30	B
618.37	A
618.45	C
618.60	B
618.74	A
618.82	B
618.95	X
620.44	C
620.72	F
620.86	C
620.93	B
621.28	H
621.35	C
621.49	B
621.56	F
621.63	B
622.12	A
622.20	C
622.33	B
622.47	G
622.54	H
622.61	C
622.68	B
622.75	A
622.83	C
622.94	B
623.01	C
623.15	B
623.29	C
623.50	X
623.72	B
624.08	C
624.20	E
624.34	F
624.41	B
624.55	A
624.63	C
625.02	X
625.18	B
625.46	D
625.71	C
625.78	B
626.13	C
626.21	A
626.28	B
626.62	C
626.69	F
626.97	B
627.39	A
627.53	X
628.31	C
628.79	B
628.93	C
629.00	B
629.28	F
629.42	B
629.56	F
629.70	C
629.98	B
630.05	E
630.12	B
630.26	E
630.33	B
630.40	A
630.48	C
630.74	B
630.81	F
631.02	B
631.16	A
631.32	C
631.46	A
631.68	B
631.74	C
631.79	B
631.86	E
632.14	X
633.07	A
633.15	C
633.54	B
633.75	F
633.89	C
633.96	B
634.10	F
634.24	D
634.38	C
634.59	A
634.67	B
634.74	F
634.88	B
635.09	C
635.23	B
635.30	A
635.38	H
635.57	C
635.64	B
635.78	F
635.92	B
636.06	A
636.14	C
636.26	B
636.33	C
636.40	B
636.61	E
636.68	F
636.75	C
636.82	B
636.89	A
636.97	C
637.13	B
637.27	G
637.34	B
637.48	A
637.56	B
637.97	C
638.39	B
638.53	C
638.67	D
638.95	B
639.02	C
639.09	B
639.16	F
639.23	C
639.30	B
639.51	F
639.65	C
640.00	D
640.07	B
640.14	A
640.22	B
640.57	C
640.71	B
640.78	G
640.92	X
641.28	C
641.65	B
641.72	A
641.80	B
641.88	A
641.99	B
642.11	C
642.18	G
642.25	B
642.74	F
642.81	B
642.95	D
643.02	B
643.72	F
643.79	C
643.93	A
644.01	C
644.06	B
644.67	A
644.75	E
644.95	F
645.09	B
645.16	A
645.24	H
645.35	C
645.42	B
645.56	C
645.77	A
645.87	B
645.94	C
646.08	B
646.22	C
646.57	B
646.69	A
646.80	C
646.86	B
647.13	C
647.34	B
647.69	C
647.83	H
647.90	B
648.04	C
648.18	B
648.32	C
648.60	B
648.81	F
648.95	C
649.02	B
649.30	C
649.51	A
649.59	B
649.75	C
649.89	B
650.10	E
650.24	F
650.52	B
650.66	A
650.74	C
650.80	B
650.86	C
650.93	E
651.35	X
652.01	B
652.23	X
652.41	B
652.49	A
652.57	E
652.64	B
652.91	C
652.98	B
653.19	G
653.33	B
653.54	F
653.75	B
653.89	D
654.03	B
654.52	H
654.59	C
654.66	B
654.73	F
654.94	B
655.01	A
655.09	B
655.48	G
655.55	C
655.69	B
655.76	E
656.00	F
656.07	B
656.20	A
656.28	H
656.45	C
656.52	B
656.73	A
656.79	F
656.85	A
656.93	B
657.34	X
657.51	B
657.87	X
658.01	B
658.06	C
658.10	F
658.17	B
658.24	A
658.32	C
658.51	B
658.93	F
659.00	B
659.21	D
659.35	B
659.56	A
659.64	B
659.94	C
660.00	B
660.05	F
660.12	C
660.19	B
660.47	C
660.61	B
660.82	H
660.96	C
661.03	A
661.11	B
661.24	C
661.45	X
661.74	B
662.23	C
662.30	A
662.38	E
662.48	F
662.55	B
662.69	A
662.82	B
662.92	C
662.99	B
663.69	C
663.76	F
663.83	E
663.97	H
664.04	B
664.51	C
664.56	F
664.88	D
665.02	C
665.09	A
665.17	C
665.35	E
665.42	A
665.50	C
665.65	B
665.72	C
665.89	A
665.97	E
666.02	F
666.06	B
666.34	A
666.47	G
666.54	C
666.61	B
666.68	C
666.75	A
666.85	B
667.04	E
667.17	F
667.38	X
667.67	B
667.89	C
668.03	E
668.10	C
668.24	G
668.31	E
668.45	X
668.87	C
668.93	B
669.06	F
669.13	B
669.27	A
669.35	B
669.56	F
669.63	B
669.70	C
669.84	B
669.91	C
670.05	G
670.12	F
670.19	B
670.47	G
670.54	B
670.68	F
670.82	B
670.96	C
671.03	B
671.38	X
672.51	B
672.73	C
672.80	B
673.29	A
673.37	B
673.43	C
673.49	H
673.56	A
673.64	C
673.73	B
673.87	A
673.95	E
674.02	B
674.15	C
674.22	B
674.36	X
674.92	B
675.04	C
675.11	B
675.53	D
675.79	C
675.84	B
676.02	C
676.09	B
676.30	X
677.12	B
677.83	A
677.95	C
678.26	B
678.61	C
678.82	B
679.31	C
679.45	B
679.66	C
680.01	B
680.08	A
680.16	C
680.27	B
680.48	G
680.55	E
680.76	G
680.83	X
681.27	C
681.34	B
681.47	A
681.55	C
681.73	B
682.08	C
682.15	B
682.22	E
682.43	B
682.71	F
682.85	C
683.06	A
683.26	X
683.81	B
683.94	C
684.01	H
684.08	B
684.15	C
684.36	B
684.57	D
684.64	B
684.71	G
684.78	B
684.85	F
685.06	B
685.34	C
685.48	B
685.62	G
685.69	B
685.76	X
686.07	B
686.15	C
686.29	G
686.36	B
686.43	E
686.64	F
686.85	B
687.06	G
687.13	C
687.20	B
687.34	C
687.48	E
687.69	B
687.76	E
687.83	F
687.90	X
688.56	B
688.70	X
688.87	B
688.92	C
689.03	B
689.17	A
689.26	E
689.31	B
689.70	C
689.77	E
689.84	B
689.91	C
689.98	B
690.30	A
690.38	C
690.45	B
690.79	A
690.87	B
691.04	F
691.11	C
691.18	F
691.46	B
691.81	C
692.02	A
692.10	B
692.22	G
692.29	E
692.57	C
692.71	B
693.10	A
693.18	C
693.25	B
693.95	E
694.19	B
694.30	C
694.37	B
694.79	C
695.07	B
695.21	F
695.28	A
695.36	B
695.50	C
695.57	D
695.64	B
696.06	A
696.15	B
696.20	C
696.32	H
696.39	A
696.47	B
696.54	F
696.61	C
696.75	B
696.82	A
696.90	H
697.04	C
697.11	B
697.39	E
697.53	B
697.81	F
698.02	C
698.16	G
698.23	B
698.30	C
698.37	B
698.51	X
698.85	B
699.10	X
699.22	B
699.35	C
699.42	B
699.49	C
699.56	H
699.63	B
699.70	C
699.98	F
700.05	B
700.26	F
700.47	E
700.68	F
700.75	B
700.89	G
700.96	D
701.03	E
701.10	B
701.17	A
701.27	B
701.71	A
701.79	E
701.86	B
701.99	C
702.06	B
702.13	G
702.20	C
702.27	B
702.69	X
702.97	B
703.25	A
703.34	C
703.42	B
703.49	E
703.63	A
703.71	B
704.06	F
704.13	B
704.27	C
704.34	B
704.48	X
705.22	F
705.28	B
705.68	C
705.75	B
705.86	G
706.01	D
706.08	E
706.22	F
706.43	X
707.70	B
707.80	E
708.15	X
708.62	F
708.74	B
708.95	A
709.03	E
709.14	B
709.63	F
709.70	B
709.77	A
709.85	C
710.02	E
710.06	F
710.18	E
710.25	H
710.32	B
710.46	C
710.67	B
710.81	F
710.88	B
711.16	G
711.23	E
711.30	B
711.51	X
712.01	B
712.20	E
712.34	C
712.55	B
712.62	E
712.76	F
712.83	B
712.90	A
712.98	C
713.31	A
713.39	B
713.49	E
713.70	B
713.91	A
714.04	G
714.11	D
714.18	E
714.25	A
714.33	C
714.44	B
714.51	F
714.72	A
714.80	H
714.95	C
715.02	B
715.16	E
715.51	C
715.65	B
715.88	C
716.26	B
716.33	C
716.47	B
716.68	C
716.75	B
717.03	F
717.17	B
717.24	F
717.38	C
717.66	B
718.01	C
718.22	B
718.43	A
718.51	F
718.58	B
718.64	X
718.82	B
719.21	C
719.49	B
719.63	A
719.71	H
719.82	C
719.89	B
720.17	X
720.47	B
720.59	X
720.85	B
720.97	E
721.04	B
721.11	A
721.19	C
721.45	B
721.59	D
721.85	C
721.90	B
722.08	E
722.22	F
722.29	B
722.50	A
722.58	B
722.80	G
722.87	C
723.01	B
723.08	E
723.15	C
723.22	G
723.29	B
723.36	A
723.44	E
723.51	B
723.65	C
723.72	B
724.56	C
724.89	F
724.96	B
725.03	E
725.31	B
725.45	C
725.52	A
725.60	C
725.81	A
725.89	B
726.06	F
726.20	B
726.34	C
726.41	A
726.49	X
726.62	A
726.74	E
726.80	B
727.20	E
727.34	B
727.55	X
727.82	B
727.90	A
727.98	E
728.08	B
728.36	E
728.43	F
728.50	B
728.64	X
729.58	B
729.95	C
730.02	B
730.37	X
730.63	B
730.88	F
731.02	D
731.09	B
731.37	C
731.51	B
731.93	D
732.21	C
732.28	B
732.41	C
732.70	B
733.40	D
733.47	F
733.75	B
733.82	C
734.03	B
734.73	F
734.94	X
736.46	B
736.69	X
736.83	B
736.98	C
737.05	B
737.19	E
737.26	F
737.33	B
737.40	A
737.48	C
737.61	B
738.24	F
738.31	B
738.45	E
738.66	B
738.73	E
738.80	F
738.94	E
739.01	B
739.15	F
739.43	B
739.50	D
739.69	C
739.74	B
740.20	D
740.27	F
740.69	C
740.76	B
740.90	C
740.97	B
741.04	A
741.40	C
741.58	E
741.63	F
741.81	B
742.16	A
742.24	B
742.47	C
742.54	B
742.75	X
744.10	B
744.38	C
744.52	B
744.73	A
744.81	B
744.87	C
745.06	F
745.20	C
745.41	G
745.48	E
745.62	B
745.69	C
745.97	B
746.04	E
746.18	C
746.30	F
746.37	B
746.50	C
746.57	E
746.85	C
746.92	B
747.06	C
747.27	B
747.55	E
747.62	B
747.76	E
747.90	F
747.97	B
748.11	A
748.19	C
748.38	B
748.66	C
748.80	A
748.88	F
749.23	X
749.75	C
749.96	B
750.31	C
750.38	B
750.59	A
750.67	B
750.73	C
750.86	F
751.07	B
751.14	F
751.42	G
751.49	E
751.63	A
751.71	E
751.89	X
752.40	C
752.45	B
752.50	C
752.71	B
752.78	F
752.92	E
752.99	C
753.06	A
753.14	E
753.20	B
753.33	F
753.54	B
753.82	F
753.89	B
754.10	C
754.17	A
754.25	F
754.33	B
754.54	E
754.61	F
754.68	A
754.77	C
754.84	H
754.91	B
754.98	D
755.26	B
755.40	X
756.37	C
756.44	B
756.51	E
756.58	F
756.65	B
756.79	A
756.87	B
757.33	X
757.72	F
757.78	B
757.91	A
757.99	B
758.12	F
758.40	B
758.54	A
758.67	B
758.84	E
758.91	F
758.98	B
759.26	E
759.47	B
759.54	C
759.75	B
759.96	X
760.42	A
760.54	B
760.80	E
761.08	B
761.15	E
761.22	F
761.29	B
761.50	D
761.57	H
761.64	E
761.72	F
761.92	B
762.20	C
762.27	B
762.48	C
762.55	H
762.62	B
762.76	X
763.02	B
763.13	X
763.45	B
763.65	A
763.73	E
763.84	A
763.92	C
764.05	B
764.26	X
764.49	B
764.73	C
764.87	E
764.94	C
765.01	F
765.08	B
765.22	A
765.30	X
766.96	B
767.05	C
767.12	B
767.19	E
767.26	B
767.40	D
767.61	B
767.68	A
768.13	C
768.21	A
768.29	E
768.46	B
768.74	C
768.88	B
769.16	G
769.23	C
769.30	A
769.38	E
769.62	C
769.94	H
769.99	C
770.25	H
770.39	C
770.46	B
770.67	G
770.74	X
770.88	B
770.93	C
771.04	B
771.46	C
771.53	B
771.67	A
771.75	C
772.05	F
772.19	E
772.40	F
772.47	B
772.75	G
772.82	C
772.89	B
773.24	F
773.31	E
773.38	B
773.59	X
775.04	B
775.50	F
775.54	C
775.58	B
775.79	C
776.00	A
776.08	F
776.25	B
776.32	C
776.46	A
776.54	B
776.78	C
776.85	B
777.06	G
777.20	C
777.27	B
777.69	C
777.76	B
778.11	A
778.19	B
778.84	F
779.29	B
779.71	F
779.78	B
780.06	C
780.13	A
780.21	F
780.48	B
780.55	A
780.63	E
780.71	B
780.92	F
780.99	B
781.13	E
781.41	C
781.48	B
781.62	A
781.70	B
781.77	E
781.91	B
782.06	C
782.42	B
782.49	C
782.63	B
782.91	A
782.99	C
783.09	B
783.30	D
783.44	B
783.51	A
783.59	B
783.65	C
783.70	B
783.77	X
783.90	B
784.64	D
784.71	A
785.09	B
785.18	C
785.32	B
785.39	A
785.47	C
785.52	B
786.06	C
786.27	B
786.41	C
786.48	B
787.04	A
787.12	D
787.26	B
787.54	C
787.89	X
788.84	B
788.92	A
789.00	E
789.07	B
789.42	C
789.49	B
789.77	F
789.84	B
789.91	A
789.99	C
790.40	B
790.54	A
790.66	B
790.77	C
791.03	E
791.08	F
791.26	C
791.33	A
791.41	C
791.54	B
791.89	C
791.96	B
792.10	G
792.24	B
792.59	C
792.80	B
792.87	F
792.94	B
793.08	C
793.15	B
793.43	C
793.50	B
793.71	X
794.70	F
794.77	B
794.98	E
795.05	B
795.12	A
795.20	C
795.34	E
795.38	F
795.50	E
795.57	H
795.64	B
795.78	C
796.06	B
796.41	E
796.55	B
796.62	C
796.69	B
796.97	H
797.11	B
797.18	E
797.32	B
797.46	G
797.53	B
797.60	A
797.68	E
797.77	B
798.12	A
798.20	C
798.28	B
798.84	A
798.97	B
799.26	X
799.46	B
799.58	F
799.79	B
799.86	A
799.94	B
800.00	C
800.12	H
800.19	G
800.26	B
800.33	C
800.40	G
800.47	B
800.75	A
800.83	D
800.95	C
801.02	B
801.72	A
801.80	B
801.86	C
801.91	B
802.05	C
802.39	A
802.47	B
802.84	C
802.91	G
803.05	B
803.96	C
804.05	B
804.12	A
804.21	D
804.34	C
804.55	A
804.63	B
805.06	F
805.13	C
805.27	F
805.76	B
805.90	A
805.98	C
806.13	E
806.17	F
806.36	B
806.43	C
806.57	E
806.85	F
807.34	B
807.41	A
807.49	B
807.71	C
807.78	G
807.85	C
807.92	B
807.99	G
808.06	E
808.13	F
808.27	B
808.55	A
808.63	B
808.82	X
809.39	C
809.73	B
809.80	F
809.87	C
810.13	E
810.18	F
810.36	B
810.71	E
810.85	B
810.92	C
810.99	G
811.06	A
811.15	C
811.21	B
811.27	H
811.34	C
811.48	B
811.55	G
811.69	X
811.88	B
812.06	C
812.34	G
812.41	C
812.69	B
812.76	F
813.04	B
813.53	C
813.88	B
814.02	G
814.09	F
814.23	B
814.51	A
814.59	E
814.74	F
814.81	C
814.95	E
815.09	G
815.16	B
815.37	C
815.44	B
815.51	C
815.58	A
815.70	B
815.76	C
815.88	B
816.16	C
816.23	B
816.51	G
816.58	C
816.72	B
816.86	E
816.93	C
817.00	G
817.07	B
817.14	A
817.22	E
817.34	B
817.48	C
817.55	B
817.77	C
817.88	D
818.02	B
818.16	E
818.23	A
818.31	F
818.49	B
818.56	A
818.64	D
818.89	C
818.96	B
819.20	C
819.34	G
819.41	E
819.55	B
819.62	C
819.76	B
819.88	A
819.97	C
820.32	B
820.46	E
820.60	B
821.09	C
821.16	G
821.23	C
821.44	B
821.65	X
821.96	B
822.13	D
822.34	B
822.48	C
822.62	B
822.90	F
823.11	B
823.25	A
823.33	B
823.39	C
823.51	B
823.58	A
823.66	B
824.03	A
824.11	E
824.30	B
824.37	D
824.63	C
824.68	B
824.88	A
824.90	B
824.97	A
825.03	E
825.17	F
825.31	B
825.58	A
825.72	B
825.77	C
826.03	B
826.17	C
826.24	B
826.31	H
826.38	C
826.52	B
826.73	X
827.09	B
827.30	F
827.44	C
827.51	H
827.65	B
827.72	C
828.00	X
828.68	D
828.83	B
828.90	C
829.04	B
829.60	X
831.49	C
831.56	B
831.70	G
831.77	B
831.84	C
831.91	B
831.98	C
832.12	B
832.47	X
833.27	C
833.32	E
833.50	B
833.57	A
833.65	C
833.79	F
834.00	B
834.14	C
834.21	E
834.42	B
834.49	X
835.08	B
835.26	C
835.33	B
835.47	F
835.54	D
835.61	B
835.96	X
836.34	X
